,marks1,marks1,marks1,marks1,marks2,marks2,marks2,marks2
,mean,amax,std,amin,mean,amax,std,amin
gender,,,,,,,,
F,50.25795258534237,100,29.07453299464905,0,49.93912712102371,100,29.010105508426754,0
M,49.88105779585976,100,29.086701265640965,0,49.775457700131625,100,29.152058959833557,0
